{
  "threshold_summary": {
    "scenario": "s1",
    "n_society": 200,
    "n_llm_leaders": 1,
    "llm_provider": "vllm",
    "llm_model": "qwen3-8b",
    "alpha_c_logistic": 0.013413717586260287,
    "alpha_c_ci_low": 0.010790165306892693,
    "alpha_c_ci_high": 0.016313000579996875,
    "alpha_c_linear": 0.0155,
    "logistic_slope": 96.56460789398052,
    "transition_width_10_90": 0.0455078651538373,
    "fit_method": "logistic_fit",
    "bootstrap_successes": 500
  },
  "p_collapse": {
    "0.0": 0.1,
    "0.001": 0.1,
    "0.005": 0.45,
    "0.0075": 0.45,
    "0.01": 0.45,
    "0.0125": 0.45,
    "0.015": 0.45,
    "0.0175": 0.7,
    "0.02": 0.7,
    "0.0225": 0.7,
    "0.025": 0.7,
    "0.03": 0.75,
    "0.05": 1.0,
    "0.1": 1.0,
    "0.2": 1.0
  },
  "p_collapse_logistic_fit": {
    "0.0": 0.21495870541581608,
    "0.001": 0.23170197227290296,
    "0.005": 0.30736496994087226,
    "0.0075": 0.36099323562695484,
    "0.01": 0.41832717292027,
    "0.0125": 0.47795610405476197,
    "0.015": 0.5382199820986306,
    "0.0175": 0.5973872206117302,
    "0.02": 0.6538490988733872,
    "0.0225": 0.7062859063672282,
    "0.025": 0.7537706672389247,
    "0.03": 0.8322485699842612,
    "0.05": 0.9716106205422821,
    "0.1": 0.999766284069789,
    "0.2": 0.99999998503619
  },
  "metrics": {
    "collapse_rate": {
      "0.0": {
        "mean": 0.1,
        "std": 0.30000000000000004,
        "n": 20
      },
      "0.001": {
        "mean": 0.1,
        "std": 0.30000000000000004,
        "n": 20
      },
      "0.005": {
        "mean": 0.45,
        "std": 0.49749371855331,
        "n": 20
      },
      "0.0075": {
        "mean": 0.45,
        "std": 0.49749371855331,
        "n": 20
      },
      "0.01": {
        "mean": 0.45,
        "std": 0.49749371855331,
        "n": 20
      },
      "0.0125": {
        "mean": 0.45,
        "std": 0.49749371855331,
        "n": 20
      },
      "0.015": {
        "mean": 0.45,
        "std": 0.49749371855331,
        "n": 20
      },
      "0.0175": {
        "mean": 0.7,
        "std": 0.45825756949558394,
        "n": 20
      },
      "0.02": {
        "mean": 0.7,
        "std": 0.45825756949558394,
        "n": 20
      },
      "0.0225": {
        "mean": 0.7,
        "std": 0.45825756949558394,
        "n": 20
      },
      "0.025": {
        "mean": 0.7,
        "std": 0.45825756949558394,
        "n": 20
      },
      "0.03": {
        "mean": 0.75,
        "std": 0.4330127018922193,
        "n": 20
      },
      "0.05": {
        "mean": 1.0,
        "std": 0.0,
        "n": 20
      },
      "0.1": {
        "mean": 1.0,
        "std": 0.0,
        "n": 20
      },
      "0.2": {
        "mean": 1.0,
        "std": 0.0,
        "n": 20
      }
    },
    "max_collapse_score": {
      "0.0": {
        "mean": 0.74500062503291,
        "std": 0.15055773085149143,
        "n": 20
      },
      "0.001": {
        "mean": 0.74500062503291,
        "std": 0.15055773085149143,
        "n": 20
      },
      "0.005": {
        "mean": 0.9172617909845744,
        "std": 0.17925569994982848,
        "n": 20
      },
      "0.0075": {
        "mean": 0.9682181430573342,
        "std": 0.1799803983094467,
        "n": 20
      },
      "0.01": {
        "mean": 0.964674831412909,
        "std": 0.18137995494959805,
        "n": 20
      },
      "0.0125": {
        "mean": 0.9678420651400332,
        "std": 0.17877480950979008,
        "n": 20
      },
      "0.015": {
        "mean": 0.9869887550357636,
        "std": 0.1639005727123053,
        "n": 20
      },
      "0.0175": {
        "mean": 1.0406302237628828,
        "std": 0.16566905606832713,
        "n": 20
      },
      "0.02": {
        "mean": 1.04130994301154,
        "std": 0.1653490254628825,
        "n": 20
      },
      "0.0225": {
        "mean": 1.0395061638158825,
        "std": 0.16676642490361784,
        "n": 20
      },
      "0.025": {
        "mean": 1.050724447391617,
        "std": 0.1597805276023379,
        "n": 20
      },
      "0.03": {
        "mean": 1.0570596225591455,
        "std": 0.12916303891834083,
        "n": 20
      },
      "0.05": {
        "mean": 1.259385001565055,
        "std": 0.1641037480954509,
        "n": 20
      },
      "0.1": {
        "mean": 1.700119967908348,
        "std": 0.30995984419666084,
        "n": 20
      },
      "0.2": {
        "mean": 2.216643804707359,
        "std": 0.36471748209086235,
        "n": 20
      }
    },
    "retail_loss_pct_30d": {
      "0.0": {
        "mean": 0.0002465883595688443,
        "std": 0.0002983623868264073,
        "n": 20
      },
      "0.001": {
        "mean": 0.0002465883595688443,
        "std": 0.0002983623868264073,
        "n": 20
      },
      "0.005": {
        "mean": 0.0002901396819109673,
        "std": 0.0003288856488170485,
        "n": 20
      },
      "0.0075": {
        "mean": 0.00027904721480482046,
        "std": 0.0003388494068714388,
        "n": 20
      },
      "0.01": {
        "mean": 0.00027681614539998756,
        "std": 0.00035596653164211964,
        "n": 20
      },
      "0.0125": {
        "mean": 0.0002712374643924778,
        "std": 0.00035682037603837073,
        "n": 20
      },
      "0.015": {
        "mean": 0.0002980393244346443,
        "std": 0.0004495178751045349,
        "n": 20
      },
      "0.0175": {
        "mean": 0.0003713833370969491,
        "std": 0.00032637393248771413,
        "n": 20
      },
      "0.02": {
        "mean": 0.0003653440235752009,
        "std": 0.00032922951409336716,
        "n": 20
      },
      "0.0225": {
        "mean": 0.0003652095509275594,
        "std": 0.0003245312942664943,
        "n": 20
      },
      "0.025": {
        "mean": 0.0002939994426730853,
        "std": 0.000344572385428763,
        "n": 20
      },
      "0.03": {
        "mean": 0.0004181433616396455,
        "std": 0.0006267324585663515,
        "n": 20
      },
      "0.05": {
        "mean": 0.0007717166783673885,
        "std": 0.0005924739720037563,
        "n": 20
      },
      "0.1": {
        "mean": 0.001951098253940226,
        "std": 0.0008495464548820868,
        "n": 20
      },
      "0.2": {
        "mean": 0.004934243620736851,
        "std": 0.001263017715806455,
        "n": 20
      }
    },
    "social_cascade_peak": {
      "0.0": {
        "mean": 0.0,
        "std": 0.0,
        "n": 20
      },
      "0.001": {
        "mean": 0.0,
        "std": 0.0,
        "n": 20
      },
      "0.005": {
        "mean": 0.02010050251256281,
        "std": 3.469446951953614e-18,
        "n": 20
      },
      "0.0075": {
        "mean": 0.24318181818181822,
        "std": 0.09482684696334522,
        "n": 20
      },
      "0.01": {
        "mean": 0.24318181818181822,
        "std": 0.09482684696334522,
        "n": 20
      },
      "0.0125": {
        "mean": 0.24318181818181822,
        "std": 0.09482684696334522,
        "n": 20
      },
      "0.015": {
        "mean": 0.21751269035532994,
        "std": 0.09691676791778914,
        "n": 20
      },
      "0.0175": {
        "mean": 0.37831632653061226,
        "std": 0.11555052435032183,
        "n": 20
      },
      "0.02": {
        "mean": 0.37831632653061226,
        "std": 0.11555052435032183,
        "n": 20
      },
      "0.0225": {
        "mean": 0.37831632653061226,
        "std": 0.11555052435032183,
        "n": 20
      },
      "0.025": {
        "mean": 0.40846153846153854,
        "std": 0.10477457721965851,
        "n": 20
      },
      "0.03": {
        "mean": 0.39020618556701037,
        "std": 0.10818726850923159,
        "n": 20
      },
      "0.05": {
        "mean": 0.7210526315789474,
        "std": 0.06271776467269993,
        "n": 20
      },
      "0.1": {
        "mean": 0.9841666666666669,
        "std": 0.02146451277439055,
        "n": 20
      },
      "0.2": {
        "mean": 1.0,
        "std": 0.0,
        "n": 20
      }
    },