{
  "threshold_summary": {
    "scenario": "s1",
    "n_society": 200,
    "n_llm_leaders": 1,
    "llm_provider": "vllm",
    "llm_model": "qwen3-8b",
    "alpha_c_logistic": 0.013413717586260287,
    "alpha_c_ci_low": 0.010790165306892693,
    "alpha_c_ci_high": 0.016313000579996875,
    "alpha_c_linear": 0.0155,
    "logistic_slope": 96.56460789398052,
    "transition_width_10_90": 0.0455078651538373,
    "fit_method": "logistic_fit",
    "bootstrap_successes": 500
  },
  "p_collapse": {
    "0.0": 0.1,
    "0.001": 0.1,
    "0.005": 0.45,
    "0.0075": 0.45,
    "0.01": 0.45,
    "0.0125": 0.45,
    "0.015": 0.45,
    "0.0175": 0.7,
    "0.02": 0.7,
    "0.0225": 0.7,
    "0.025": 0.7,
    "0.03": 0.75,
    "0.05": 1.0,
    "0.1": 1.0,
    "0.2": 1.0
  },
  "p_collapse_logistic_fit": {
    "0.0": 0.21495870541581608,
    "0.001": 0.23170197227290296,
    "0.005": 0.30736496994087226,
    "0.0075": 0.36099323562695484,
    "0.01": 0.41832717292027,
    "0.0125": 0.47795610405476197,
    "0.015": 0.5382199820986306,
    "0.0175": 0.5973872206117302,
    "0.02": 0.6538490988733872,
    "0.0225": 0.7062859063672282,
    "0.025": 0.7537706672389247,
    "0.03": 0.8322485699842612,
    "0.05": 0.9716106205422821,
    "0.1": 0.999766284069789,
    "0.2": 0.99999998503619
  },
  "metrics": {
    "collapse_rate": {
      "0.0": {
        "mean": 0.1,
        "std": 0.30000000000000004,
        "n": 20
      },
      "0.001": {
        "mean": 0.1,
        "std": 0.30000000000000004,
        "n": 20
      },
      "0.005": {
        "mean": 0.45,
        "std": 0.49749371855331,
        "n": 20
      },
      "0.0075": {
        "mean": 0.45,
        "std": 0.49749371855331,
        "n": 20
      },
      "0.01": {
        "mean": 0.45,
        "std": 0.49749371855331,
        "n": 20
      },
      "0.0125": {
        "mean": 0.45,
        "std": 0.49749371855331,
        "n": 20
      },
      "0.015": {
        "mean": 0.45,
        "std": 0.49749371855331,
        "n": 20
      },
      "0.0175": {
        "mean": 0.7,
        "std": 0.45825756949558394,
        "n": 20
      },
      "0.02": {
        "mean": 0.7,
        "std": 0.45825756949558394,
        "n": 20
      },
      "0.0225": {
        "mean": 0.7,
        "std": 0.45825756949558394,
        "n": 20
      },
      "0.025": {
        "mean": 0.7,
        "std": 0.45825756949558394,
        "n": 20
      },
      "0.03": {
        "mean": 0.75,
        "std": 0.4330127018922193,
        "n": 20
      },
      "0.05": {
        "mean": 1.0,
        "std": 0.0,
        "n": 20
      },
      "0.1": {
        "mean": 1.0,
        "std": 0.0,
        "n": 20
      },
      "0.2": {
        "mean": 1.0,
        "std": 0.0,
        "n": 20
      }
    },
    "max_collapse_score": {
      "0.0": {
        "mean": 0.74500062503291,
        "std": 0.15055773085149143,
        "n": 20
      },
      "0.001": {
        "mean": 0.74500062503291,
        "std": 0.15055773085149143,
        "n": 20
      },
      "0.005": {
        "mean": 0.9174614761808038,
        "std": 0.1790764899989148,
        "n": 20
      },
      "0.0075": {
        "mean": 0.967028150364178,
        "std": 0.17957693253967794,
        "n": 20
      },
      "0.01": {
        "mean": 0.9683086703811379,
        "std": 0.178097990042051,
        "n": 20
      },
      "0.0125": {
        "mean": 0.9656470047794606,
        "std": 0.18059028278614053,
        "n": 20
      },
      "0.015": {
        "mean": 0.9873011826255826,
        "std": 0.16367284754252773,
        "n": 20
      },
      "0.0175": {
        "mean": 1.0406144364298364,
        "std": 0.16640680967326613,
        "n": 20
      },
      "0.02": {
        "mean": 1.03573332305192,
        "std": 0.16590806626451557,
        "n": 20
      },
      "0.0225": {
        "mean": 1.0400492156843153,
        "std": 0.1667312937867336,
        "n": 20
      },
      "0.025": {
        "mean": 1.050389060916819,
        "std": 0.15991038690250256,
        "n": 20
      },
      "0.03": {
        "mean": 1.0568613900562718,
        "std": 0.12931776621378097,
        "n": 20
      },
      "0.05": {
        "mean": 1.2601025836473319,
        "std": 0.1636175948890701,
        "n": 20
      },
      "0.1": {
        "mean": 1.7001059471597035,
        "std": 0.3099749105046295,
        "n": 20
      },
      "0.2": {
        "mean": 2.216643804707359,
        "std": 0.36471748209086235,
        "n": 20
      }
    },
    "retail_loss_pct_30d": {
      "0.0": {
        "mean": 0.0002465883595688443,
        "std": 0.0002983623868264073,
        "n": 20
      },
      "0.001": {
        "mean": 0.0002465883595688443,
        "std": 0.0002983623868264073,
        "n": 20
      },
      "0.005": {
        "mean": 0.00028991517529943395,
        "std": 0.0003316938436826863,
        "n": 20
      },
      "0.0075": {
        "mean": 0.0002804452249078101,
        "std": 0.000364541260031742,
        "n": 20
      },
      "0.01": {
        "mean": 0.0002762737280424188,
        "std": 0.0003462272113469998,
        "n": 20
      },
      "0.0125": {
        "mean": 0.0002794817509197611,
        "std": 0.0003591192865967008,
        "n": 20
      },
      "0.015": {
        "mean": 0.00029266373417035296,
        "std": 0.00044898824091165477,
        "n": 20
      },
      "0.0175": {
        "mean": 0.00034872998279490274,
        "std": 0.0003605987728767226,
        "n": 20
      },
      "0.02": {
        "mean": 0.0003640956769839205,
        "std": 0.00032756742398488064,
        "n": 20
      },
      "0.0225": {
        "mean": 0.0003479442457754191,
        "std": 0.00031968644379708124,
        "n": 20
      },
      "0.025": {
        "mean": 0.0002770688890927018,
        "std": 0.0003567674281431206,
        "n": 20
      },
      "0.03": {
        "mean": 0.0004049187182121221,
        "std": 0.0006300899744710105,
        "n": 20
      },
      "0.05": {
        "mean": 0.0007714729258050886,
        "std": 0.0005915893339967473,
        "n": 20
      },
      "0.1": {
        "mean": 0.0019513610768256994,
        "std": 0.0008495329065606274,
        "n": 20
      },
      "0.2": {
        "mean": 0.004933103146395792,
        "std": 0.0012604711788513471,
        "n": 20
      }
    },
    "social_cascade_peak": {
      "0.0": {
        "mean": 0.0,
        "std": 0.0,
        "n": 20
      },
      "0.001": {
        "mean": 0.0,
        "std": 0.0,
        "n": 20
      },
      "0.005": {
        "mean": 0.02010050251256281,
        "std": 3.469446951953614e-18,
        "n": 20
      },
      "0.0075": {
        "mean": 0.24318181818181822,
        "std": 0.09482684696334522,
        "n": 20
      },
      "0.01": {
        "mean": 0.24318181818181822,
        "std": 0.09482684696334522,
        "n": 20
      },
      "0.0125": {
        "mean": 0.24318181818181822,
        "std": 0.09482684696334522,
        "n": 20
      },
      "0.015": {
        "mean": 0.21751269035532994,
        "std": 0.09691676791778914,
        "n": 20
      },
      "0.0175": {
        "mean": 0.37831632653061226,
        "std": 0.11555052435032183,
        "n": 20
      },
      "0.02": {
        "mean": 0.37831632653061226,
        "std": 0.11555052435032183,
        "n": 20
      },
      "0.0225": {
        "mean": 0.37831632653061226,
        "std": 0.11555052435032183,
        "n": 20
      },
      "0.025": {
        "mean": 0.40846153846153854,
        "std": 0.10477457721965851,
        "n": 20
      },
      "0.03": {
        "mean": 0.39020618556701037,
        "std": 0.10818726850923159,
        "n": 20
      },
      "0.05": {
        "mean": 0.7210526315789474,
        "std": 0.06271776467269993,
        "n": 20
      },
      "0.1": {
        "mean": 0.9841666666666669,
        "std": 0.02146451277439055,
        "n": 20
      },
      "0.2": {
        "mean": 1.0,
        "std": 0.0,
        "n": 20
      }
    },