scenario,recommended_alphas
s1,"0,0.0075,0.01,0.015,0.02,0.03"
s2,"0,0.00025,0.0005,0.00075,0.001,0.0015,0.0025"
s3,"0,0.15,0.3,0.4,0.5"
s4,"0,0.01,0.015,0.02,0.03,0.05,0.1,0.15,0.2"
