{
  "scenarios": [
    "s1",
    "s2",
    "s3",
    "s4"
  ],
  "n_grid": [
    500,
    1000,
    2000
  ],
  "alpha_grids": {
    "s1": [
      0.0,
      0.0075,
      0.01,
      0.0125,
      0.015,
      0.0175,
      0.02,
      0.025,
      0.03
    ],
    "s2": [
      0.0,
      0.00025,
      0.0005,
      0.00075,
      0.001,
      0.0015,
      0.0025,
      0.005
    ],
    "s3": [
      0.0,
      0.15,
      0.25,
      0.3,
      0.35,
      0.4,
      0.5,
      0.6
    ],
    "s4": [
      0.0,
      0.01,
      0.015,
      0.02,
      0.03,
      0.05,
      0.075,
      0.1,
      0.15
    ]
  },
  "seeds": [
    1,
    2,
    3,
    4,
    5,
    6,
    7,
    8,
    9,
    10,
    11,
    12,
    13,
    14,
    15,
    16,
    17,
    18,
    19,
    20,
    21,
    22,
    23,
    24,
    25,
    26,
    27,
    28,
    29,
    30,
    31,
    32,
    33,
    34,
    35,
    36,
    37,
    38,
    39,
    40,
    41,
    42,
    43,
    44,
    45,
    46,
    47,
    48,
    49,
    50
  ],
  "ci_boot": 2000,
  "threshold_summary": [
    {
      "scenario": "s1",
      "n_society": 500,
      "alpha_c_logistic": 0.013455419245593753,
      "alpha_c_ci_low": 0.01168727454347832,
      "alpha_c_ci_high": 0.015080865004099513,
      "logistic_slope": 129.56307510747092,
      "transition_width_10_90": 0.03391745025368762,
      "fit_method": "logistic_fit",
      "bootstrap_successes": 2000
    },
    {
      "scenario": "s1",
      "n_society": 1000,
      "alpha_c_logistic": 0.012826768747226328,
      "alpha_c_ci_low": 0.011449456952195647,
      "alpha_c_ci_high": 0.014039660075168008,
      "logistic_slope": 194.92433039078705,
      "transition_width_10_90": 0.022544385022959343,
      "fit_method": "logistic_fit",
      "bootstrap_successes": 2000
    },
    {
      "scenario": "s1",
      "n_society": 2000,
      "alpha_c_logistic": 0.011764391365772458,
      "alpha_c_ci_low": 0.010349964666940105,
      "alpha_c_ci_high": 0.012905424110925046,
      "logistic_slope": 229.73709575787396,
      "transition_width_10_90": 0.019128165349943594,
      "fit_method": "logistic_fit",
      "bootstrap_successes": 2000
    },
    {
      "scenario": "s2",
      "n_society": 500,
      "alpha_c_logistic": 0.0011307346919775605,
      "alpha_c_ci_low": 0.001025936173246441,
      "alpha_c_ci_high": 0.0011828880265324874,
      "logistic_slope": 5319.072886873577,
      "transition_width_10_90": 0.000826168253027153,
      "fit_method": "logistic_fit",
      "bootstrap_successes": 2000
    },
    {
      "scenario": "s2",
      "n_society": 1000,
      "alpha_c_logistic": 0.0005672521951247699,
      "alpha_c_ci_low": 0.00044384820118242635,
      "alpha_c_ci_high": 0.0005914183243074792,
      "logistic_slope": 15819.725320622365,
      "transition_width_10_90": 0.00027778289860342254,
      "fit_method": "logistic_fit",
      "bootstrap_successes": 2000
    },
    {
      "scenario": "s2",
      "n_society": 2000,
      "alpha_c_logistic": 0.0002785095280963633,
      "alpha_c_ci_low": 0.00018166945553903322,
      "alpha_c_ci_high": 0.0003310364227730157,
      "logistic_slope": 7772.243127839352,
      "transition_width_10_90": 0.0005654029451204359,
      "fit_method": "logistic_fit",
      "bootstrap_successes": 2000
    },
    {
      "scenario": "s3",
      "n_society": 500,
      "alpha_c_logistic": null,
      "alpha_c_ci_low": null,
      "alpha_c_ci_high": null,
      "logistic_slope": null,
      "transition_width_10_90": null,
      "fit_method": "linear_fallback_constant_curve",
      "bootstrap_successes": 0
    },
    {
      "scenario": "s3",
      "n_society": 1000,
      "alpha_c_logistic": 0.549993415765178,
      "alpha_c_ci_low": 0.549993415765178,
      "alpha_c_ci_high": 0.549993415765178,
      "logistic_slope": 276.1500482857852,
      "transition_width_10_90": 0.015913265928980257,
      "fit_method": "logistic_fit",
      "bootstrap_successes": 2000
    },
    {
      "scenario": "s3",
      "n_society": 2000,
      "alpha_c_logistic": 0.3749921934748027,
      "alpha_c_ci_low": 0.3749921934748027,
      "alpha_c_ci_high": 0.3749921934748027,
      "logistic_slope": 548.6169037010434,
      "transition_width_10_90": 0.00801005059273036,
      "fit_method": "logistic_fit",
      "bootstrap_successes": 2000
    },
    {
      "scenario": "s4",
      "n_society": 500,
      "alpha_c_logistic": 0.05841997517318249,
      "alpha_c_ci_low": 0.03090183100756378,
      "alpha_c_ci_high": 0.10579287781375708,
      "logistic_slope": 6.622448069706139,
      "transition_width_10_90": 0.663568684634085,
      "fit_method": "logistic_fit",
      "bootstrap_successes": 2000
    },
    {
      "scenario": "s4",
      "n_society": 1000,
      "alpha_c_logistic": 0.07602154268791304,
      "alpha_c_ci_low": 0.03897172685498786,
      "alpha_c_ci_high": 0.14999999999989092,
      "logistic_slope": 4.74278667686796,
      "transition_width_10_90": 0.9265542505011934,
      "fit_method": "logistic_fit",
      "bootstrap_successes": 2000
    },
    {
      "scenario": "s4",
      "n_society": 2000,
      "alpha_c_logistic": 0.11224037267273665,
      "alpha_c_ci_low": 0.05921081215931566,
      "alpha_c_ci_high": 0.14999999999999997,
      "logistic_slope": 3.5859290533667716,
      "transition_width_10_90": 1.225470188972802,
      "fit_method": "logistic_fit",
      "bootstrap_successes": 2000
    }
  ],
  "wilson_ci_csv": "collapse_rate_wilson_ci.csv"
}