defense,track,official_score_mean,official_score_ci_low,official_score_ci_high,defense_score_mean,defense_score_std,defense_score_ci_low,defense_score_ci_high,threshold_shift_mean,collapse_rate_mean,utility_loss_mean,false_positive_rate_mean
oracle,oracle_upper_bound,5.714472507005606,0.9947313915203357,10.76749664826343,5.714472507005606,8.607150816558784,0.9947313915203357,10.76749664826343,0.0,0.21203703703703705,1.642658730158731,0.0
noguard,control,0.0,0.0,0.0,0.0,0.0,0.0,0.0,0.0,0.38346560846560845,0.0,0.0
random,control,-0.7812939804526721,-1.3638850291495148,-0.2739490733882011,6.034353740123552,8.771726602856448,1.3713610541325878,11.192341400198966,0.03341666666666667,0.32976190476190476,0.37000000000000016,0.0
rule,rule_baseline,-10.59482336397027,-17.84793871224999,-3.805883250689756,-10.59482336397027,12.449105913613757,-17.84793871224999,-3.805883250689756,-0.014083333333333331,0.39272486772486775,5.144739153439148,0.7000377347818304
