Defense model,S1,S2,S3,S4,Avg DefenseScore,Avg ThresholdShift,Worst Score
random,-7.112654680549791,15.269916260249113,-0.8218472201646034,-1.9329583312757146,1.3506140070647514,-0.0024166666666666664,-7.112654680549791
noguard,0.0,0.0,0.0,0.0,0.0,0.0,0.0
oracle,-4.349509367368564,0.05072727883827629,-0.7769653892717437,2.1420635038897866,-0.7334209934780612,-0.002708333333333333,-4.349509367368564
rule,-13.530297379586878,0.6071704364772487,-1.409991820395181,-17.595524470333732,-7.982160808459636,-0.0007499999999999998,-17.595524470333732
