Defense,S1 alpha_c,S1 delta_alpha_c,S2 alpha_c,S2 delta_alpha_c
noguard,0.017500116829982617,0.0,0.0006249516200630097,0.0
oracle,0.03,0.012499883170017382,0.0015,0.0008750483799369903
