{
  "0.0": {
    "collapse_rate": {
      "mean": 0.5,
      "std": 0.5
    },
    "max_collapse_score": {
      "mean": 1.029672196597501,
      "std": 0.13281771376583335
    },
    "retail_loss_pct_30d": {
      "mean": 0.00020227160402133985,
      "std": 0.0004807412712515117
    },
    "price_dislocation_max": {
      "mean": 0.30004973758015063,
      "std": 0.05136595704382187
    }
  },
  "0.2": {
    "collapse_rate": {
      "mean": 0.5,
      "std": 0.5
    },
    "max_collapse_score": {
      "mean": 1.026899281147856,
      "std": 0.13289129810940412
    },
    "retail_loss_pct_30d": {
      "mean": 0.0002014627172127366,
      "std": 0.0004832073291621284
    },
    "price_dislocation_max": {
      "mean": 0.29982619650071934,
      "std": 0.05151719893095149
    }
  },
  "0.4": {
    "collapse_rate": {
      "mean": 0.5,
      "std": 0.5
    },
    "max_collapse_score": {
      "mean": 1.0276959910416041,
      "std": 0.13244838040549495
    },
    "retail_loss_pct_30d": {
      "mean": 0.00023162473213600773,
      "std": 0.0004899492836465949
    },
    "price_dislocation_max": {
      "mean": 0.2999938384211961,
      "std": 0.05134840458372057
    }
  },
  "0.6": {
    "collapse_rate": {
      "mean": 0.5,
      "std": 0.5
    },
    "max_collapse_score": {
      "mean": 1.0322315540603475,
      "std": 0.13245233211061852
    },
    "retail_loss_pct_30d": {
      "mean": 0.00020810186711159832,
      "std": 0.0004836675166364616
    },
    "price_dislocation_max": {
      "mean": 0.30107158632943515,
      "std": 0.05040990842435437
    }
  },
  "0.8": {
    "collapse_rate": {
      "mean": 0.5,
      "std": 0.5
    },
    "max_collapse_score": {
      "mean": 1.02789855700114,
      "std": 0.13239606935269146
    },
    "retail_loss_pct_30d": {
      "mean": 0.0002321490108858756,
      "std": 0.0005213050778492574
    },
    "price_dislocation_max": {
      "mean": 0.30045654222912965,
      "std": 0.05075134864123752
    }
  },
  "1.0": {
    "collapse_rate": {
      "mean": 0.5,
      "std": 0.5
    },
    "max_collapse_score": {
      "mean": 1.0273853787885394,
      "std": 0.13296467676014745
    },
    "retail_loss_pct_30d": {
      "mean": 0.00022589647448054384,
      "std": 0.0005119620576826354
    },
    "price_dislocation_max": {
      "mean": 0.30038355341628475,
      "std": 0.050873581227274284
    }
  },
  "1.4": {
    "collapse_rate": {
      "mean": 0.5,
      "std": 0.5
    },
    "max_collapse_score": {
      "mean": 1.0301712157575076,
      "std": 0.13016949672725245
    },
    "retail_loss_pct_30d": {
      "mean": 0.0002282252755878957,
      "std": 0.0004986066348893658
    },
    "price_dislocation_max": {
      "mean": 0.3001139503425788,
      "std": 0.05108663899430221
    }
  },
  "2.0": {
    "collapse_rate": {
      "mean": 0.45,
      "std": 0.49749371855331
    },
    "max_collapse_score": {
      "mean": 1.028628423034131,
      "std": 0.1315186931321145
    },
    "retail_loss_pct_30d": {
      "mean": 0.0002512261378395131,
      "std": 0.0005157291970830733
    },
    "price_dislocation_max": {
      "mean": 0.2999485619536545,
      "std": 0.051188684613882915
    }
  }
}