{
  "0.0": {
    "collapse_rate": {
      "mean": 0.54,
      "std": 0.49839743177508455
    },
    "collapse_rate_wilson": {
      "mean": 0.54,
      "n": 50,
      "successes": 27,
      "ci_low": 0.4039887139915748,
      "ci_high": 0.6703034780777566
    },
    "max_collapse_score": {
      "mean": 1.0290332681644414,
      "std": 0.13614274014176392
    },
    "retail_loss_pct_30d": {
      "mean": 0.00015054039502183952,
      "std": 0.0005226712722546679
    },
    "price_dislocation_max": {
      "mean": 0.29359860419231404,
      "std": 0.0495934781887044
    }
  },
  "0.2": {
    "collapse_rate": {
      "mean": 0.54,
      "std": 0.49839743177508455
    },
    "collapse_rate_wilson": {
      "mean": 0.54,
      "n": 50,
      "successes": 27,
      "ci_low": 0.4039887139915748,
      "ci_high": 0.6703034780777566
    },
    "max_collapse_score": {
      "mean": 1.0280706998945224,
      "std": 0.13606836851734433
    },
    "retail_loss_pct_30d": {
      "mean": 0.00016612413659132072,
      "std": 0.0005119547864891248
    },
    "price_dislocation_max": {
      "mean": 0.2936252036631492,
      "std": 0.04954780219690246
    }
  },
  "0.4": {
    "collapse_rate": {
      "mean": 0.54,
      "std": 0.49839743177508455
    },
    "collapse_rate_wilson": {
      "mean": 0.54,
      "n": 50,
      "successes": 27,
      "ci_low": 0.4039887139915748,
      "ci_high": 0.6703034780777566
    },
    "max_collapse_score": {
      "mean": 1.0288579355912935,
      "std": 0.13538384242333082
    },
    "retail_loss_pct_30d": {
      "mean": 0.0001748362676454755,
      "std": 0.0005232968677544693
    },
    "price_dislocation_max": {
      "mean": 0.2937201493017303,
      "std": 0.049462269105741224
    }
  },
  "0.6": {
    "collapse_rate": {
      "mean": 0.54,
      "std": 0.49839743177508455
    },
    "collapse_rate_wilson": {
      "mean": 0.54,
      "n": 50,
      "successes": 27,
      "ci_low": 0.4039887139915748,
      "ci_high": 0.6703034780777566
    },
    "max_collapse_score": {
      "mean": 1.0300277236581974,
      "std": 0.13499869839502765
    },
    "retail_loss_pct_30d": {
      "mean": 0.0001676673268581594,
      "std": 0.0005212260279391856
    },
    "price_dislocation_max": {
      "mean": 0.2941707529439079,
      "std": 0.04908919688545085
    }
  },
  "0.8": {
    "collapse_rate": {
      "mean": 0.54,
      "std": 0.49839743177508455
    },
    "collapse_rate_wilson": {
      "mean": 0.54,
      "n": 50,
      "successes": 27,
      "ci_low": 0.4039887139915748,
      "ci_high": 0.6703034780777566
    },
    "max_collapse_score": {
      "mean": 1.0288414690497618,
      "std": 0.13505055567314833
    },
    "retail_loss_pct_30d": {
      "mean": 0.00018421996282885596,
      "std": 0.0005377273425531191
    },
    "price_dislocation_max": {
      "mean": 0.2940468618931488,
      "std": 0.0491431021247635
    }
  },
  "1.0": {
    "collapse_rate": {
      "mean": 0.54,
      "std": 0.49839743177508455
    },
    "collapse_rate_wilson": {
      "mean": 0.54,
      "n": 50,
      "successes": 27,
      "ci_low": 0.4039887139915748,
      "ci_high": 0.6703034780777566
    },
    "max_collapse_score": {
      "mean": 1.028411466147498,
      "std": 0.13533021765167572
    },
    "retail_loss_pct_30d": {
      "mean": 0.00019112353505803848,
      "std": 0.0005371879191786055
    },
    "price_dislocation_max": {
      "mean": 0.2939971645542135,
      "std": 0.04918862550324757
    }
  },
  "1.4": {
    "collapse_rate": {
      "mean": 0.54,
      "std": 0.49839743177508455
    },
    "collapse_rate_wilson": {
      "mean": 0.54,
      "n": 50,
      "successes": 27,
      "ci_low": 0.4039887139915748,
      "ci_high": 0.6703034780777566
    },
    "max_collapse_score": {
      "mean": 1.029845402701221,
      "std": 0.13323685433254304
    },
    "retail_loss_pct_30d": {
      "mean": 0.00020542978854849554,
      "std": 0.0005321095195921023
    },
    "price_dislocation_max": {
      "mean": 0.29409424009670276,
      "std": 0.04877750722856479
    }
  },
  "2.0": {
    "collapse_rate": {
      "mean": 0.52,
      "std": 0.49959983987187184
    },
    "collapse_rate_wilson": {
      "mean": 0.52,
      "n": 50,
      "successes": 26,
      "ci_low": 0.38511744890044614,
      "ci_high": 0.6520286471342196
    },
    "max_collapse_score": {
      "mean": 1.0305185538289825,
      "std": 0.13423218014610425
    },
    "retail_loss_pct_30d": {
      "mean": 0.00022471424982150272,
      "std": 0.0005426949409791299
    },
    "price_dislocation_max": {
      "mean": 0.2943513799147259,
      "std": 0.04879518155820079
    }
  }
}