{
  "0.0": {
    "collapse_rate": {
      "mean": 1.0,
      "std": 0.0
    },
    "max_collapse_score": {
      "mean": 3.2270513713912212,
      "std": 0.45169661648380244
    },
    "retail_loss_pct_30d": {
      "mean": 0.004155420862588964,
      "std": 0.0011488167551999351
    },
    "price_dislocation_max": {
      "mean": 0.8669037697445434,
      "std": 0.14183529709522594
    }
  },
  "0.2": {
    "collapse_rate": {
      "mean": 1.0,
      "std": 0.0
    },
    "max_collapse_score": {
      "mean": 3.240887792295262,
      "std": 0.4613560111498523
    },
    "retail_loss_pct_30d": {
      "mean": 0.004256607013244141,
      "std": 0.0011801634865904785
    },
    "price_dislocation_max": {
      "mean": 0.8712270541621994,
      "std": 0.14485970398920436
    }
  },
  "0.4": {
    "collapse_rate": {
      "mean": 1.0,
      "std": 0.0
    },
    "max_collapse_score": {
      "mean": 3.248866214870791,
      "std": 0.4625333945130459
    },
    "retail_loss_pct_30d": {
      "mean": 0.00436236606122094,
      "std": 0.0012149560239211568
    },
    "price_dislocation_max": {
      "mean": 0.8737206107419782,
      "std": 0.14521603413887513
    }
  },
  "0.8": {
    "collapse_rate": {
      "mean": 1.0,
      "std": 0.0
    },
    "max_collapse_score": {
      "mean": 3.2506861828549973,
      "std": 0.4594663278573662
    },
    "retail_loss_pct_30d": {
      "mean": 0.004545161804235882,
      "std": 0.001276515923126437
    },
    "price_dislocation_max": {
      "mean": 0.8742885706529072,
      "std": 0.14423389400750442
    }
  },
  "1.2": {
    "collapse_rate": {
      "mean": 1.0,
      "std": 0.0
    },
    "max_collapse_score": {
      "mean": 3.2692920875743026,
      "std": 0.45679714813098704
    },
    "retail_loss_pct_30d": {
      "mean": 0.004758966036162847,
      "std": 0.001326803480967937
    },
    "price_dislocation_max": {
      "mean": 0.8801021415302813,
      "std": 0.1434297313320165
    }
  },
  "1.8": {
    "collapse_rate": {
      "mean": 1.0,
      "std": 0.0
    },
    "max_collapse_score": {
      "mean": 3.285625511891157,
      "std": 0.46611147799004143
    },
    "retail_loss_pct_30d": {
      "mean": 0.004990889027363545,
      "std": 0.001445679151902955
    },
    "price_dislocation_max": {
      "mean": 0.8852008161888563,
      "std": 0.14634148989580456
    }
  },
  "2.5": {
    "collapse_rate": {
      "mean": 1.0,
      "std": 0.0
    },
    "max_collapse_score": {
      "mean": 3.307884081863791,
      "std": 0.4742667698592398
    },
    "retail_loss_pct_30d": {
      "mean": 0.005277489267626927,
      "std": 0.0014699563138031824
    },
    "price_dislocation_max": {
      "mean": 0.891864556170544,
      "std": 0.1487591274739381
    }
  }
}