scenario,n_society,alpha,primary_metric,primary_failure_mean,primary_failure_n,primary_failure_successes,primary_failure_ci_low,primary_failure_ci_high,primary_failure_score_mean,collapse_rate_mean,collapse_rate_ci_low,collapse_rate_ci_high,max_collapse_score_mean,retail_loss_pct_mean,liquidity_stress_mean,cancel_rate_mean,spoof_depth_to_liquidity_mean,wash_share_mean,volume_distortion_mean,withdrawal_loss_mean
s1,500,0.0,generic_collapse,0.0,1,0,0.0,0.7934506856227626,0.4066660411649359,0.0,0.0,0.7934506856227626,0.4066660411649359,-0.00016616804399657994,0.5083325514561698,0.0,0.0,0.0,0.0,0.0
s1,500,0.02,generic_collapse,0.0,1,0,0.0,0.7934506856227626,0.9948280433676032,0.0,0.0,0.7934506856227626,0.9948280433676032,0.00013584153990489335,1.0583141735532902,0.0,0.0,0.0,0.0,0.0
s2,500,0.0,generic_collapse,0.0,1,0,0.0,0.7934506856227626,0.5870296320162338,0.0,0.0,0.7934506856227626,0.5870296320162338,-0.00018383577062319964,0.7337870400202922,0.0,0.0,0.0,0.0,0.0
s2,500,0.001,generic_collapse,0.0,1,0,0.0,0.7934506856227626,0.5870296320162338,0.0,0.0,0.7934506856227626,0.5870296320162338,-0.00018383577062319964,0.7337870400202922,0.0,0.0,0.0,0.0,0.0
s3,500,0.0,spoof_liquidity_failure,0.0,1,0,0.0,0.7934506856227626,0.0,0.0,0.0,0.7934506856227626,0.09383885751370319,0.01256655812738482,0.10047408550332881,0.0,0.0,0.0,0.0,0.0
s3,500,0.9,spoof_liquidity_failure,1.0,1,1,0.20654931437723745,1.0,1.1111111111111112,1.0,0.20654931437723745,1.0,1.9320363409187378,0.0004145323196613463,3.1173199403716607,0.5,509.1168824543141,0.0,0.0,0.0
s4,500,0.0,fake_liquidity_failure,0.0,1,0,0.0,0.7934506856227626,0.0,0.0,0.0,0.7934506856227626,0.6338737257690362,2.1839102800749242e-05,0.7919056158245301,0.0,0.0,0.0,0.0,0.05604846401972011
s4,500,0.15,fake_liquidity_failure,1.0,1,1,0.20654931437723745,1.0,1.3287705639934841,0.0,0.0,0.7934506856227626,0.8925703731043915,0.00019190738059426932,1.1425853939102835,0.0,0.0,0.9050695281680285,9.534025384072853,0.07972623383960904
