scenario,n_society,primary_metric,alpha_c_logistic,alpha_c_ci_low,alpha_c_ci_high,alpha_c_linear,logistic_slope,transition_width_10_90,fit_method,bootstrap_successes,coverage_status,p_min,p_max,p_delta,alpha_grid
s3,500,spoof_liquidity_failure,0.08750487084968907,0.08750487084968907,0.08750487084968907,0.0875,1090.7532557198108,0.0040288205711313235,logistic_fit,1000,crosses_0.5,0.0,1.0,1.0,0.0;0.001;0.0025;0.005;0.0075;0.01;0.015;0.02;0.03;0.05;0.075;0.1;0.125;0.15
s3,1000,spoof_liquidity_failure,0.06250056391792869,0.06250056391792869,0.06250056391792869,0.0625,1083.8951728564618,0.004054311952595426,logistic_fit,1000,crosses_0.5,0.0,1.0,1.0,0.0;0.001;0.0025;0.005;0.0075;0.01;0.015;0.02;0.03;0.05;0.075;0.1;0.125;0.15
s3,2000,spoof_liquidity_failure,0.039990204260721765,0.039990204260721765,0.039990204260721765,0.04,1372.4362557356994,0.003201933158139121,logistic_fit,1000,crosses_0.5,0.0,1.0,1.0,0.0;0.001;0.0025;0.005;0.0075;0.01;0.015;0.02;0.03;0.05;0.075;0.1;0.125;0.15
s4,500,fake_liquidity_failure,0.024114039036805496,0.023191528378785933,0.025275045458232823,0.02381578947368421,337.0230297846847,0.013039017415159842,logistic_fit,1000,crosses_0.5,0.0,0.9,0.9,0.0;0.01;0.0125;0.015;0.0175;0.02;0.0225;0.025;0.0275;0.03;0.035;0.04;0.05;0.075
s4,1000,fake_liquidity_failure,0.022584207497630477,0.021647310865868047,0.023519835397343564,0.0235,393.80168477570714,0.011159041021308306,logistic_fit,1000,crosses_0.5,0.0,0.9666666666666667,0.9666666666666667,0.0;0.01;0.0125;0.015;0.0175;0.02;0.0225;0.025;0.0275;0.03;0.035;0.04;0.05;0.075
s4,2000,fake_liquidity_failure,0.0225362071564952,0.021700417310566465,0.023456836409571337,0.022083333333333333,536.4359687304036,0.008191936057294761,logistic_fit,1000,crosses_0.5,0.0,0.9666666666666667,0.9666666666666667,0.0;0.01;0.0125;0.015;0.0175;0.02;0.0225;0.025;0.0275;0.03;0.035;0.04;0.05;0.075
