{
  "scenarios": [
    "s1",
    "s2",
    "s3",
    "s4"
  ],
  "n_grid": [
    500,
    1000,
    2000
  ],
  "alpha_grids": {
    "s1": [
      0.0,
      0.0075,
      0.01,
      0.0125,
      0.015,
      0.0175,
      0.02,
      0.025,
      0.03,
      0.04
    ],
    "s2": [
      0.0,
      0.00025,
      0.0005,
      0.00075,
      0.001,
      0.00125,
      0.0015,
      0.00175,
      0.002,
      0.0025,
      0.003,
      0.005
    ],
    "s3": [
      0.0,
      0.15,
      0.25,
      0.35,
      0.45,
      0.6,
      0.75,
      0.9,
      1.0
    ],
    "s4": [
      0.0,
      0.005,
      0.01,
      0.015,
      0.02,
      0.03,
      0.05,
      0.075,
      0.1,
      0.15,
      0.2
    ]
  },
  "seeds": [
    1,
    2,
    3,
    4,
    5,
    6,
    7,
    8,
    9,
    10,
    11,
    12,
    13,
    14,
    15,
    16,
    17,
    18,
    19,
    20,
    21,
    22,
    23,
    24,
    25,
    26,
    27,
    28,
    29,
    30
  ],
  "ci_boot": 1000,
  "primary_metrics": {
    "s1": "generic_collapse",
    "s2": "generic_collapse",
    "s3": "spoof_liquidity_failure",
    "s4": "fake_liquidity_failure"
  },
  "threshold_summary": [
    {
      "scenario": "s1",
      "n_society": 500,
      "primary_metric": "generic_collapse",
      "alpha_c_logistic": 0.012683079144151503,
      "alpha_c_ci_low": 0.010198001842306594,
      "alpha_c_ci_high": 0.014956113107552176,
      "alpha_c_linear": 0.013333333333333334,
      "logistic_slope": 127.48122539361788,
      "transition_width_10_90": 0.034471343847722685,
      "fit_method": "logistic_fit",
      "bootstrap_successes": 1000,
      "coverage_status": "crosses_0.5",
      "p_min": 0.2,
      "p_max": 1.0,
      "p_delta": 0.8,
      "alpha_grid": "0.0;0.0075;0.01;0.0125;0.015;0.0175;0.02;0.025;0.03;0.04"
    },
    {
      "scenario": "s1",
      "n_society": 1000,
      "primary_metric": "generic_collapse",
      "alpha_c_logistic": 0.01261063517052925,
      "alpha_c_ci_low": 0.01063038334678343,
      "alpha_c_ci_high": 0.014265728416557029,
      "alpha_c_linear": 0.014375,
      "logistic_slope": 189.35938724178078,
      "transition_width_10_90": 0.023206925300521014,
      "fit_method": "logistic_fit",
      "bootstrap_successes": 1000,
      "coverage_status": "crosses_0.5",
      "p_min": 0.16666666666666666,
      "p_max": 1.0,
      "p_delta": 0.8333333333333334,
      "alpha_grid": "0.0;0.0075;0.01;0.0125;0.015;0.0175;0.02;0.025;0.03;0.04"
    },
    {
      "scenario": "s1",
      "n_society": 2000,
      "primary_metric": "generic_collapse",
      "alpha_c_logistic": 0.011453362251353998,
      "alpha_c_ci_low": 0.009455153856708495,
      "alpha_c_ci_high": 0.013079804641794928,
      "alpha_c_linear": 0.0125,
      "logistic_slope": 215.77719449950797,
      "transition_width_10_90": 0.02036567935209881,
      "fit_method": "logistic_fit",
      "bootstrap_successes": 1000,
      "coverage_status": "crosses_0.5",
      "p_min": 0.2,
      "p_max": 1.0,
      "p_delta": 0.8,
      "alpha_grid": "0.0;0.0075;0.01;0.0125;0.015;0.0175;0.02;0.025;0.03;0.04"
    },
    {
      "scenario": "s2",
      "n_society": 500,
      "primary_metric": "generic_collapse",
      "alpha_c_logistic": 0.0008405593722580613,
      "alpha_c_ci_low": 0.0006771210841085237,
      "alpha_c_ci_high": 0.0010603782393429893,
      "alpha_c_linear": 0.0010714285714285715,
      "logistic_slope": 2780.6243594796324,
      "transition_width_10_90": 0.001580382168375601,
      "fit_method": "logistic_fit",
      "bootstrap_successes": 1000,
      "coverage_status": "crosses_0.5",
      "p_min": 0.3,
      "p_max": 1.0,
      "p_delta": 0.7,
      "alpha_grid": "0.0;0.00025;0.0005;0.00075;0.001;0.00125;0.0015;0.00175;0.002;0.0025;0.003;0.005"
    },
    {
      "scenario": "s2",
      "n_society": 1000,
      "primary_metric": "generic_collapse",
      "alpha_c_logistic": 0.0004606981599974558,
      "alpha_c_ci_low": 0.00031948995589921927,
      "alpha_c_ci_high": 0.0005669989418599595,
      "alpha_c_linear": 0.0005714285714285715,
      "logistic_slope": 4811.13603539716,
      "transition_width_10_90": 0.0009133911663151873,
      "fit_method": "logistic_fit",
      "bootstrap_successes": 1000,
      "coverage_status": "crosses_0.5",
      "p_min": 0.3,
      "p_max": 1.0,
      "p_delta": 0.7,
      "alpha_grid": "0.0;0.00025;0.0005;0.00075;0.001;0.00125;0.0015;0.00175;0.002;0.0025;0.003;0.005"
    },
    {
      "scenario": "s2",
      "n_society": 2000,
      "primary_metric": "generic_collapse",
      "alpha_c_logistic": 0.00030763356331734354,
      "alpha_c_ci_low": 0.00019610875116803233,
      "alpha_c_ci_high": 0.0003205490549246137,
      "alpha_c_linear": 0.00032954545454545454,
      "logistic_slope": 15934.341669934965,
      "transition_width_10_90": 0.0002757847952365624,
      "fit_method": "logistic_fit",
      "bootstrap_successes": 1000,
      "coverage_status": "crosses_0.5",
      "p_min": 0.26666666666666666,
      "p_max": 1.0,
      "p_delta": 0.7333333333333334,
      "alpha_grid": "0.0;0.00025;0.0005;0.00075;0.001;0.00125;0.0015;0.00175;0.002;0.0025;0.003;0.005"
    },
    {
      "scenario": "s3",
      "n_society": 500,
      "primary_metric": "spoof_liquidity_failure",
      "alpha_c_logistic": 0.0750188411767036,
      "alpha_c_ci_low": 0.0750188411767036,
      "alpha_c_ci_high": 0.0750188411767036,
      "alpha_c_linear": 0.075,
      "logistic_slope": 183.99170417431876,
      "transition_width_10_90": 0.023883952672719512,
      "fit_method": "logistic_fit",
      "bootstrap_successes": 1000,
      "coverage_status": "crosses_0.5",
      "p_min": 0.0,
      "p_max": 1.0,
      "p_delta": 1.0,
      "alpha_grid": "0.0;0.15;0.25;0.35;0.45;0.6;0.75;0.9;1.0"
    },
    {
      "scenario": "s3",
      "n_society": 1000,
      "primary_metric": "spoof_liquidity_failure",
      "alpha_c_logistic": 0.0750188411767036,
      "alpha_c_ci_low": 0.0750188411767036,
      "alpha_c_ci_high": 0.0750188411767036,
      "alpha_c_linear": 0.075,
      "logistic_slope": 183.99170417431876,
      "transition_width_10_90": 0.023883952672719512,
      "fit_method": "logistic_fit",
      "bootstrap_successes": 1000,
      "coverage_status": "crosses_0.5",
      "p_min": 0.0,
      "p_max": 1.0,
      "p_delta": 1.0,
      "alpha_grid": "0.0;0.15;0.25;0.35;0.45;0.6;0.75;0.9;1.0"
    },
    {
      "scenario": "s3",
      "n_society": 2000,
      "primary_metric": "spoof_liquidity_failure",
      "alpha_c_logistic": 0.0750188411767036,
      "alpha_c_ci_low": 0.0750188411767036,
      "alpha_c_ci_high": 0.0750188411767036,
      "alpha_c_linear": 0.075,
      "logistic_slope": 183.99170417431876,
      "transition_width_10_90": 0.023883952672719512,
      "fit_method": "logistic_fit",
      "bootstrap_successes": 1000,
      "coverage_status": "crosses_0.5",
      "p_min": 0.0,
      "p_max": 1.0,
      "p_delta": 1.0,
      "alpha_grid": "0.0;0.15;0.25;0.35;0.45;0.6;0.75;0.9;1.0"
    },
    {
      "scenario": "s4",
      "n_society": 500,
      "primary_metric": "fake_liquidity_failure",
      "alpha_c_logistic": 0.025404635978636583,
      "alpha_c_ci_low": 0.022743873323655243,
      "alpha_c_ci_high": 0.03063377826102676,
      "alpha_c_linear": 0.025333333333333333,
      "logistic_slope": 206.8072365141725,
      "transition_width_10_90": 0.021249010570146498,
      "fit_method": "logistic_fit",
      "bootstrap_successes": 1000,
      "coverage_status": "crosses_0.5",
      "p_min": 0.0,
      "p_max": 0.9333333333333333,
      "p_delta": 0.9333333333333333,
      "alpha_grid": "0.0;0.005;0.01;0.015;0.02;0.03;0.05;0.075;0.1;0.15;0.2"
    },
    {
      "scenario": "s4",
      "n_society": 1000,
      "primary_metric": "fake_liquidity_failure",
      "alpha_c_logistic": 0.020121367739028485,
      "alpha_c_ci_low": 0.01981959111093903,
      "alpha_c_ci_high": 0.0237746910758388,
      "alpha_c_linear": 0.02142857142857143,