scenario,n_society,defense,track,eligible,official_score,defense_score,delta_harm_reduction,gated_delta_harm_reduction,safety_gate,delta_collapse,threshold_shift_raw,threshold_shift_normalized,harm_reduction_floor,delta_delay_days,utility_loss,false_positive_rate,intervention_cost,no_def_collapse_rate,def_collapse_rate,no_def_retail_loss,def_retail_loss,alpha_c_no_def,alpha_c_def,threshold_shift
s1,100,noguard,control,True,0.0,0.0,0.0,0.0,0.0,0.0,0.0,0.0,0.01,0.0,0.0,0.0,0.0,0.0,0.0,-0.00015068753516173455,-0.00015068753516173455,,,
s1,100,rule,rule_baseline,True,-12.799511929203568,-12.799511929203568,0.0,0.0,0.0,0.0,0.0,0.0,0.01,0.0,5.859999999999995,0.9824561403508771,5.859999999999995,0.0,0.0,-0.00015068753516173455,-0.00012664031116617843,,,
s2,100,noguard,control,True,0.0,0.0,0.0,0.0,0.0,0.0,0.0,0.0,0.01,0.0,0.0,0.0,0.0,0.0,0.0,-4.6785890149883925e-05,-4.6785890149883925e-05,,,
s2,100,rule,rule_baseline,True,-12.799511929203568,-12.799511929203568,0.01546678171175299,0.0,0.0,0.0,0.0,0.0,0.01,0.0,5.859999999999995,0.9824561403508771,5.859999999999995,0.0,0.0,-4.6785890149883925e-05,-0.00020145370726741384,,,
s3,100,noguard,control,True,0.0,0.0,0.0,0.0,0.0,0.0,0.0,0.0,0.01,0.0,0.0,0.0,0.0,0.0,0.0,4.331315729685594e-05,4.331315729685594e-05,,,
s3,100,rule,rule_baseline,True,-0.06666646666738667,-0.06666646666738667,0.0,0.0,0.0,0.0,0.0,0.0,0.01,0.0,0.03,0.0,0.03,0.0,0.0,4.331315729685594e-05,0.0001523152925882023,,,
s4,100,noguard,control,True,0.0,0.0,0.0,0.0,0.0,0.0,0.0,0.0,0.01,0.0,0.0,0.0,0.0,0.0,0.0,-3.4538871478056535e-05,-3.4538871478056535e-05,,,
s4,100,rule,rule_baseline,True,-13.323732784808742,-13.323732784808742,0.0108617390991305,0.0,0.0,0.0,0.0,0.0,0.01,0.0,6.179999999999994,1.0,6.179999999999994,0.0,0.0,-3.4538871478056535e-05,-0.00014315626246936154,,,
