Defense model,S1,S2,S3,S4,Avg DefenseScore,Avg ThresholdShift,Worst Score
noguard,0.0,0.0,0.0,0.0,0.0,0.0,0.0
rule,-12.799511929203568,-12.799511929203568,-0.06666646666738667,-13.323732784808742,-9.747355777470815,0.0,-13.323732784808742
