Defense,S1 alpha_c,S1 delta_alpha_c,S2 alpha_c,S2 delta_alpha_c
noguard,0.017500116829982617,0.0,0.0006249516200630097,0.0
llama_risk,0.017500116829982617,0.0,0.000875048049735495,0.0002500964296724853
