Defense,S1 alpha_c,S1 delta_alpha_c,S2 alpha_c,S2 delta_alpha_c
noguard,0.017500116829982617,0.0,0.0006249516200630097,0.0
claude_opus_risk,0.017500116829982617,0.0,0.0012486741274384309,0.0006237225073754211
