capacity_mode,n_society,alpha_c_logistic,alpha_c_ci_low,alpha_c_ci_high,alpha_c_linear,logistic_slope,transition_width_10_90,fit_method,bootstrap_successes
per_agent_capacity,200,0.011274188457097267,0.005000000000000003,0.015363558526019228,0.0155,70.25488528739845,0.06255008654125105,logistic_fit,500
per_agent_capacity,1000,0.012450275899915278,0.010234526783393818,0.014458908968445263,0.015,199.15737054414785,0.022065209751794282,logistic_fit,500
per_agent_capacity,5000,0.009318648428848313,0.0072927842827527276,0.011084230245005709,0.010833333333333334,258.72517115068655,0.016985008204373844,logistic_fit,500
fixed_total_capacity,200,0.00775324482778814,0.005000000000000001,0.012408322021375567,0.005,69.35565583511341,0.06336107851275792,logistic_fit,500
fixed_total_capacity,1000,0.012450275899915278,0.010234526783393818,0.014458908968445263,0.015,199.15737054414785,0.022065209751794282,logistic_fit,500
fixed_total_capacity,5000,0.011263901783866685,0.00947540336695708,0.012933009090346533,0.012857142857142857,298.8858005646777,0.014702769908674524,logistic_fit,500
