n_society,alpha_c_logistic,alpha_c_ci_low,alpha_c_ci_high,alpha_c_linear,logistic_slope,transition_width_10_90,fit_method,bootstrap_successes
100,0.014394517709457065,0.012783749214971255,0.01609854594141264,0.013125,119.98538255150106,0.0366248709736473,logistic_fit,2000
200,0.01515767876452204,0.013361008614823767,0.016937872786484034,0.016136363636363636,98.798855282838,0.044478745650363645,logistic_fit,2000
500,0.013765415381731701,0.012319019360221015,0.015330863357893448,0.013749999999999998,121.62408791818841,0.036131404805505356,logistic_fit,2000
1000,0.01235776670463871,0.011150899717008783,0.01355224665142763,0.014374999999999999,187.1621452743495,0.023479369443168568,logistic_fit,2000
2000,0.011261276544320428,0.010077658381270919,0.012398929827254932,0.012916666666666668,211.1315332216164,0.020813798335181696,logistic_fit,2000
5000,0.00936941132290271,0.00817073163987026,0.010486577978484776,0.0115,240.61787155846497,0.01826318687888768,logistic_fit,2000
