scenario,n_society,defense,track,alpha_c_no_def,alpha_c_def,threshold_shift,threshold_shift_raw_or_bound,threshold_shift_normalized,defense_score,delta_collapse,delta_harm_reduction,gated_delta_harm_reduction,delta_delay_days,no_def_collapse_rate,def_collapse_rate,no_def_retail_loss,def_retail_loss,utility_loss,false_positive_rate,intervention_cost
s1,1000,noguard,control,0.0175,0.0175,0.0,0.0,0.0,0.0,0.0,0.0,0.0,0.0,0.5333333333333333,0.5333333333333333,0.0002827461226862675,0.0002827461226862675,0.0,0.0,0.0
s1,1000,rule,rule_baseline,0.0175,0.0175,0.0,0.0,0.0,-14.34887483393585,0.0,0.020959100589607184,0.0,0.0,0.5333333333333333,0.5333333333333333,0.0002827461226862675,7.315511679019568e-05,7.0028888888888785,0.8248305533458421,7.0028888888888785
s1,1000,random,control,0.0175,0.0175,0.0,0.0,0.0,-2.303328701646085,-0.06666666666666665,0.027583170282574215,0.0,-0.2638888888888893,0.5333333333333333,0.6,0.0002827461226862675,6.914419860525355e-06,0.3700000000000002,0.0,0.3700000000000002
s2,1000,noguard,control,0.00075,0.00075,0.0,0.0,0.0,0.0,0.0,0.0,0.0,0.0,0.7,0.7,0.0017790231641453737,0.0017790231641453737,0.0,0.0,0.0
s2,1000,rule,rule_baseline,0.00075,0.0015,0.00075,0.00075,0.3,3.0353095286081877,0.32499999999999996,0.16750904601559083,0.10469315375974426,-1.7071428571428564,0.7,0.375,0.0017790231641453737,0.00010393270398946551,6.212999999999992,0.8232892641025173,6.212999999999992
s2,1000,random,control,0.00075,0.0015,0.00075,0.00075,0.3,15.529082513223507,0.32499999999999996,0.17726694080394376,0.11079183800246485,-1.7071428571428564,0.7,0.375,0.0017790231641453737,6.353756105936145e-06,0.3700000000000001,0.0,0.3700000000000001
