defense,defense_score_mean,defense_score_std,threshold_shift_mean,collapse_rate_mean,utility_loss_mean,false_positive_rate_mean
random,4.443257048747028,9.901526727452225,0.0,0.45,0.3700000000000003,0.0
noguard,0.0,0.0,0.0,0.4083333333333333,0.0,0.0
oracle,0.0,0.0,0.0,0.4083333333333333,0.0,0.0
rule,-19.434249251180475,21.234111400229622,0.0,0.5,5.381499999999994,479.3262103441231
