{
  "defenses": [
    "noguard",
    "random",
    "rule",
    "oracle"
  ],
  "scenarios": [
    "s1",
    "s2",
    "s3",
    "s4"
  ],
  "alphas": [
    0.0,
    0.005,
    0.01,
    0.02,
    0.05,
    0.1
  ],
  "n_society": 1000,
  "seeds": [
    1,
    2,
    3,
    4,
    5
  ],
  "leaderboard": [
    {
      "scenario": "s1",
      "defense": "noguard",
      "defense_score": 0.0,
      "delta_harm_reduction": 0.0,
      "delta_collapse": 0.0,
      "threshold_shift_raw": 0.0,
      "threshold_shift_normalized": 0.0,
      "harm_reduction_floor": 0.01,
      "delta_delay_days": 0.0,
      "utility_loss": 0.0,
      "false_positive_rate": 0.0,
      "intervention_cost": 0.0,
      "no_def_collapse_rate": 0.5333333333333333,
      "def_collapse_rate": 0.5333333333333333,
      "no_def_retail_loss": 0.0007855150056831338,
      "def_retail_loss": 0.0007855150056831338,
      "alpha_c_no_def": 0.02,
      "alpha_c_def": 0.02,
      "threshold_shift": 0.0
    },
    {
      "scenario": "s1",
      "defense": "random",
      "defense_score": -1.3138870385702066,
      "delta_harm_reduction": 0.07785820817174784,
      "delta_collapse": -0.09999999999999998,
      "threshold_shift_raw": 0.0,
      "threshold_shift_normalized": 0.0,
      "harm_reduction_floor": 0.01,
      "delta_delay_days": -0.2664473684210522,
      "utility_loss": 0.3700000000000003,
      "false_positive_rate": 0.0,
      "intervention_cost": 0.3700000000000003,
      "no_def_collapse_rate": 0.5333333333333333,
      "def_collapse_rate": 0.6333333333333333,
      "no_def_retail_loss": 0.0007855150056831338,
      "def_retail_loss": 6.932923965655453e-06,
      "alpha_c_no_def": 0.02,
      "alpha_c_def": 0.02,
      "threshold_shift": 0.0
    },
    {
      "scenario": "s1",
      "defense": "rule",
      "defense_score": -23.587029004029514,
      "delta_harm_reduction": 0.06966342390953062,
      "delta_collapse": -0.033333333333333326,
      "threshold_shift_raw": 0.0,
      "threshold_shift_normalized": 0.0,
      "harm_reduction_floor": 0.01,
      "delta_delay_days": -0.09926470588235325,
      "utility_loss": 6.896333333333323,
      "false_positive_rate": 564.0672014217197,
      "intervention_cost": 6.896333333333323,
      "no_def_collapse_rate": 0.5333333333333333,
      "def_collapse_rate": 0.5666666666666667,
      "no_def_retail_loss": 0.0007855150056831338,
      "def_retail_loss": 8.88807665878277e-05,
      "alpha_c_no_def": 0.02,
      "alpha_c_def": 0.02,
      "threshold_shift": 0.0
    },
    {
      "scenario": "s1",
      "defense": "oracle",
      "defense_score": 0.0,
      "delta_harm_reduction": 0.0,
      "delta_collapse": 0.0,
      "threshold_shift_raw": 0.0,
      "threshold_shift_normalized": 0.0,
      "harm_reduction_floor": 0.01,
      "delta_delay_days": 0.0,
      "utility_loss": 0.0,
      "false_positive_rate": 0.0,
      "intervention_cost": 0.0,
      "no_def_collapse_rate": 0.5333333333333333,
      "def_collapse_rate": 0.5333333333333333,
      "no_def_retail_loss": 0.0007855150056831338,
      "def_retail_loss": 0.0007855150056831338,
      "alpha_c_no_def": 0.02,
      "alpha_c_def": 0.02,
      "threshold_shift": 0.0
    },
    {
      "scenario": "s2",
      "defense": "noguard",
      "defense_score": 0.0,
      "delta_harm_reduction": 0.0,
      "delta_collapse": 0.0,
      "threshold_shift_raw": 0.0,
      "threshold_shift_normalized": 0.0,
      "harm_reduction_floor": 0.01,
      "delta_delay_days": 0.0,
      "utility_loss": 0.0,
      "false_positive_rate": 0.0,
      "intervention_cost": 0.0,
      "no_def_collapse_rate": 0.8666666666666667,
      "def_collapse_rate": 0.8666666666666667,
      "no_def_retail_loss": 0.012950079830914726,
      "def_retail_loss": 0.012950079830914726,
      "alpha_c_no_def": 0.005,
      "alpha_c_def": 0.005,
      "threshold_shift": 0.0
    },
    {
      "scenario": "s2",
      "defense": "random",
      "defense_score": 21.522352165002935,
      "delta_harm_reduction": 0.9721556389992057,
      "delta_collapse": 0.033333333333333326,
      "threshold_shift_raw": 0.0,
      "threshold_shift_normalized": 0.0,
      "harm_reduction_floor": 0.01,
      "delta_delay_days": -0.0723076923076924,
      "utility_loss": 0.3700000000000003,
      "false_positive_rate": 0.0,
      "intervention_cost": 0.3700000000000003,
      "no_def_collapse_rate": 0.8666666666666667,
      "def_collapse_rate": 0.8333333333333334,
      "no_def_retail_loss": 0.012950079830914726,
      "def_retail_loss": 0.00036058669780109645,
      "alpha_c_no_def": 0.005,
      "alpha_c_def": 0.005,
      "threshold_shift": 0.0
    },
    {
      "scenario": "s2",
      "defense": "rule",
      "defense_score": -2.3891604057955873,
      "delta_harm_reduction": 0.9674638688567604,
      "delta_collapse": 0.033333333333333326,
      "threshold_shift_raw": 0.0,
      "threshold_shift_normalized": 0.0,
      "harm_reduction_floor": 0.01,
      "delta_delay_days": -0.0723076923076924,
      "utility_loss": 7.062333333333325,
      "false_positive_rate": 480.8296936399958,
      "intervention_cost": 7.062333333333325,
      "no_def_collapse_rate": 0.8666666666666667,
      "def_collapse_rate": 0.8333333333333334,
      "no_def_retail_loss": 0.012950079830914726,
      "def_retail_loss": 0.00042134549569406376,
      "alpha_c_no_def": 0.005,
      "alpha_c_def": 0.005,
      "threshold_shift": 0.0
    },
    {
      "scenario": "s2",
      "defense": "oracle",
      "defense_score": 0.0,
      "delta_harm_reduction": 0.0,
      "delta_collapse": 0.0,
      "threshold_shift_raw": 0.0,
      "threshold_shift_normalized": 0.0,
      "harm_reduction_floor": 0.01,
      "delta_delay_days": 0.0,
      "utility_loss": 0.0,
      "false_positive_rate": 0.0,
      "intervention_cost": 0.0,
      "no_def_collapse_rate": 0.8666666666666667,
      "def_collapse_rate": 0.8666666666666667,
      "no_def_retail_loss": 0.012950079830914726,
      "def_retail_loss": 0.012950079830914726,
      "alpha_c_no_def": 0.005,
      "alpha_c_def": 0.005,
      "threshold_shift": 0.0
    },
    {
      "scenario": "s3",
      "defense": "noguard",
      "defense_score": 0.0,
      "delta_harm_reduction": 0.0,
      "delta_collapse": 0.0,
      "threshold_shift_raw": 0.0,
      "threshold_shift_normalized": 0.0,
      "harm_reduction_floor": 0.01,
      "delta_delay_days": 0.0,
      "utility_loss": 0.0,
      "false_positive_rate": 0.0,
      "intervention_cost": 0.0,
      "no_def_collapse_rate": 0.0,
      "def_collapse_rate": 0.0,
      "no_def_retail_loss": 0.0004045562700742375,
      "def_retail_loss": 0.0004045562700742375,
      "alpha_c_no_def": null,
      "alpha_c_def": null,
      "threshold_shift": null
    },
    {
      "scenario": "s3",
      "defense": "random",
      "defense_score": 0.052604437068997735,
      "delta_harm_reduction": 0.03935032457551206,
      "delta_collapse": 0.0,
      "threshold_shift_raw": 0.0,
      "threshold_shift_normalized": 0.0,
      "harm_reduction_floor": 0.01,
      "delta_delay_days": 0.0,
      "utility_loss": 0.3700000000000003,
      "false_positive_rate": 0.0,
      "intervention_cost": 0.3700000000000003,
      "no_def_collapse_rate": 0.0,
      "def_collapse_rate": 0.0,
      "no_def_retail_loss": 0.0004045562700742375,
      "def_retail_loss": 1.105302431911683e-05,
      "alpha_c_no_def": null,
      "alpha_c_def": null,
      "threshold_shift": null
    },
    {
      "scenario": "s3",
      "defense": "rule",
      "defense_score": 0.6964987453420924,
      "delta_harm_reduction": 0.04440836659996897,
      "delta_collapse": 0.0,
      "threshold_shift_raw": 0.0,
      "threshold_shift_normalized": 0.0,
      "harm_reduction_floor": 0.01,
      "delta_delay_days": 0.0,
      "utility_loss": 0.13066666666666668,
      "false_positive_rate": 0.0,
      "intervention_cost": 0.13066666666666668,
      "no_def_collapse_rate": 0.0,
      "def_collapse_rate": 0.0,