Defense model,S1,S2,S3,S4,Avg DefenseScore,Avg ThresholdShift,Worst Score
random,-6.722053099910365,14.531527979084679,-0.8218472201646033,-2.295098248971188,1.1731323525096307,-0.0024166666666666664,-6.722053099910365
noguard,0.0,0.0,0.0,0.0,0.0,0.0,0.0
oracle,-2.109208762333513,0.036688522370852183,-0.7830991945199894,1.778184681748691,-0.2693586881834898,-0.002083333333333333,-2.109208762333513
rule,-13.566049489654956,-0.011782556761632831,-1.6856984643466992,-17.437067706633243,-8.175149554349133,-0.0007499999999999998,-17.437067706633243
